{"cameraMode":{"drawMode":0,"name":"Shaded","section":"Shading Mode"},"sceneLighting":true,"audioPlay":false,"sceneViewState":{"showFog":true,"showMaterialUpdate":false,"showSkybox":true,"showFlares":true,"showImageEffects":true,"showParticleSystems":true},"in2DMode":false,"pivot":{"x":53.475616455078128,"y":118.46294403076172,"z":0.0},"rotation":{"x":-0.04079132527112961,"y":0.01858063042163849,"z":-0.0007586993742734194,"w":-0.9989941716194153},"size":35.5177116394043,"orthographic":true}