{"cameraMode":{"drawMode":0,"name":"Shaded","section":"Shading Mode"},"sceneLighting":true,"audioPlay":false,"sceneViewState":{"showFog":true,"showMaterialUpdate":false,"showSkybox":true,"showFlares":true,"showImageEffects":true,"showParticleSystems":true},"in2DMode":false,"pivot":{"x":46.44606399536133,"y":72.50152587890625,"z":-4.760000228881836},"rotation":{"x":0.01840265467762947,"y":0.4815117120742798,"z":-0.010113230906426907,"w":0.876187801361084},"size":29.998613357543947,"orthographic":true}