{"cameraMode":{"drawMode":0,"name":"Shaded","section":"Shading Mode"},"sceneLighting":true,"audioPlay":false,"sceneViewState":{"showFog":true,"showMaterialUpdate":false,"showSkybox":true,"showFlares":true,"showImageEffects":true,"showParticleSystems":true},"in2DMode":false,"pivot":{"x":73.90908813476563,"y":2.5626161098480226,"z":31.73125457763672},"rotation":{"x":0.3870517611503601,"y":0.016595715656876565,"z":-0.006967548746615648,"w":0.921882152557373},"size":47.5296745300293,"orthographic":true}